PDns[3],0.0
Pgh[3],29.90986584984229
Pgt[3],80.09013415015771
StageCost[1],29.775113444136565
StageCost[2],59.89043158202218
StageCost[3],79.79788053591952
Vol[3],60.48
sl,0.0
