PDns[3],0.0
Pgh[3],10.00000132489405
Pgt[3],99.99999867510596
StageCost[1],29.775113444136565
StageCost[2],60.170573213604115
StageCost[3],99.63509279316773
Vol[3],60.48
sl,0.0
