PDns[3],0.0
Pgh[3],49.90986584984228
Pgt[3],60.09013415015772
StageCost[1],29.775113444136565
StageCost[2],59.89043158202218
StageCost[3],59.870861713274095
Vol[3],60.48
sl,0.0
