PDns[3],0.0
Pgh[3],19.91479369487854
Pgt[3],90.08520630512146
StageCost[1],29.775113444136565
StageCost[2],99.81738018616775
StageCost[3],89.75648008420261
Vol[3],60.48
sl,0.0
