PDns[3],0.0
Pgh[3],29.91479369487854
Pgt[3],80.08520630512146
StageCost[1],29.775113444136565
StageCost[2],99.81738018616775
StageCost[3],79.79297067287989
Vol[3],60.48
sl,0.0
