PDns[3],0.0
Pgh[3],20.000001324894058
Pgt[3],89.99999867510594
StageCost[1],29.775113444136565
StageCost[2],60.170573213604115
StageCost[3],89.671583381845
Vol[3],60.48
sl,0.0
