PDns[3],0.0
Pgh[3],30.000001324894058
Pgt[3],79.99999867510594
StageCost[1],29.775113444136565
StageCost[2],60.170573213604115
StageCost[3],79.70807397052228
Vol[3],60.48
sl,0.0
